time,Country,State,Population,MFRatio,0-14,15-64,65+
2019,Australia,New South Wales,"63,240,000",0.985784485,1499863,5270095,1319568
2019,Australia,Victoria,"21,542,000",0.981430783,1201923,4374283,1018598
2019,Australia,Queensland,"31,018,000",0.978003634,989916,3305197,799987
2019,Australia,South Australia,"39,410,000",0.976504584,308953,1114581,716871
2019,Australia,Western Australia,"26,370,000",0.997892127,511842,1721126,388712
2019,Australia,Tasmania,"113,460,000",0.979603028,94123,332793,107365
2019,Australia,Northern Territory,"49,260,000",1.068977414,52840,173368,388712
2019,Australia,Australian Capital Territory,"36,000,000",0.977711243,81390,289869,55450